,Unnamed: 0,Unnamed: 0.1,Unnamed: 0.1.1,name,flag_imaging,IFU,perturber_flag,flag_sigma,theta_E,theta_E_error,gamma,gamma_error,z_lens,z_source,sigma_v,sigma_v_error,q,comment_sigma,r_eff,r_eff_error,comment_imaging,n_bin,r_max,psf_ifu,fiber_scale,flag_ifu,ifu_file_name,comment_ifu,ra,dec,q_l,q_l_hi,q_l_lo,phi_l,phi_l_hi,phi_l_lo,gamma_hi,gamma_lo,theta_E_hi,theta_E_lo,phi_m,phi_m_hi,phi_m_lo,del_phi,del_phi_hi,del_phi_lo,q_m,q_m_hi,q_m_lo,gamma_ext,gamma_ext_hi,gamma_ext_lo,psi_ext,psi_ext_hi,psi_ext_lo,delta_dec,delta_dec_hi,delta_dec_lo,delta_ra,delta_ra_hi,delta_ra_lo,gamma_pct,gamma_pct_hi,gamma_pct_lo,theta_E_pct,theta_E_pct_hi,theta_E_pct_lo,RA,DEC
28,27,20,20,SDSSJ0008-0004,0,0,1,0,1.1590,0.02,,,0.44,1.192,193.0,36.0,-1.0,,1.71,0.05985,,,,,,,,,,,,,,,,,,,,,,,,,,,,,,,,,,,,,,,,,,,,,,,,2.0123333,-0.0689444
11,11,13,13,SDSSJ0029-0055,1,0,1,1,0.950614933904123,0.0038663506515582800,2.45627910651312,0.0961611490469799,0.227,0.931,229.0,18.0,-1.0,,2.16,0.0756,,,,,,,,,7.2824167,-0.9306944000000000,0.836513934675906,0.00226243651471136,0.00241320464373218,62.5425124139902,0.39333877123633,0.456672307668569,0.0685062542629389,0.0902417120550831,0.0031631285094094700,0.00286375880943246,66.3588506668589,2.01478042900015,1.70671012090125,3.79770218820598,2.2287430131821300,1.82486861181302,0.694766511205678,0.0369351612363994,0.0361211830456437,0.00188362741039765,0.00241304322258948,0.00129381464258655,-22.303416689584100,79.2828018729353,63.47685454917520,0.0386566991754531,0.007663891648147240,0.00680890603176269,0.027848968819401,0.00586453327594822,0.0058202536998667,2.47254550787898,0.0685062542629389,0.0902417120550831,0.950647536576572,0.0031631285094094700,0.00286375880943246,7.2824167,-0.9306944
15,15,21,21,SDSSJ0037-0942,1,1,1,1,1.50302523520533,0.0172127902408247,2.18779614461886,0.0381807786856234,0.195,0.632,279.0,10.0,-1.0,,1.8,0.063,,3,3.0,0.8,0.67,1.0,J0037_kinmap.fits,minor rotation,9.471708300000000,-9.7055833,0.700584030918904,0.00117775047844071,0.00128006851753604,82.8775905627645,0.10160731895958,0.0981981162613153,0.0524665685888919,0.0312345002234644,0.00860733632964061,0.0288624996025115,81.5254964369348,2.69646944352591,2.7023520566038600,-1.317404806086,2.71309924600132,2.74721017859357,0.64566268644367,0.0244115403491635,0.0226365844659995,0.0134803439831923,0.009755439349442640,0.00883560648185757,20.6121596453483,9.88513278210065,12.762290796231300,-0.00516563932065162,0.052519440373206900,0.0122577090959352,0.159594516749377,0.0116390946491431,0.0133455150298822,2.18099823779829,0.0524665685888919,0.0312345002234644,1.50925281014115,0.00860733632964061,0.0288624996025115,9.4717083,-9.7055833
29,28,22,22,SDSSJ0044+0113,0,0,1,1,0.7951,0.02,,,0.12,0.197,266.0,13.0,-1.0,,1.92,0.0672,,,,,,,,,,,,,,,,,,,,,,,,,,,,,,,,,,,,,,,,,,,,,,,,11.0120833,1.2201667
50,,,,SDSSJ0216-0813,0,1,1,0,1.16,0.02,,,0.3317,0.5235,333,23,,,2.97,0.2,,4,4,0.8,0.67,1.0,J0216_kinmap.fits,,,,,,,,,,,,,,,,,,,,,,,,,,,,,,,,,,,,,,,2h 16m 52s 540ms,−08:13:45.3,34.21891667,-8.22925
10,10,12,12,SDSSJ0252+0039,1,0,0,1,1.01213663656079,0.003828188103588,2.11884913389476,0.137143811469247,0.28,0.982,164.0,12.0,-1.0,,1.39,0.04865,,,,,,,,,43.188375,0.6662222,0.930539840355405,0.0040520858949837400,0.00463666803129825,-24.627086206807500,2.14666688389164,2.32179736380275,0.0824666218433965,0.195479509887442,0.00482766702755422,0.00247071337691329,-9.51119835408578,8.118334183702090,9.32600390744379,14.6788520938254,8.282705673189960,7.45421278315199,0.893269075982146,0.0148057566089546,0.0261261099062293,0.00929981520140619,0.0167486848480744,0.00586343441795791,-33.2357316971652,15.5427452599307,23.4920141822719,-0.0106201332742479,0.007817909360586230,0.0037968570686410500,0.0554217878441445,0.007618203667577580,0.0129972766559455,2.15644232925362,0.0824666218433965,0.195479509887442,1.01132500208858,0.00482766702755422,0.00247071337691329,43.188375,0.6662222
9,9,11,11,SDSSJ0330-0020,1,0,1,1,1.07861892209691,0.0121882913526395,2.1604080804576100,0.0337242060214195,0.351,1.071,212.0,21.0,-1.0,,0.91,0.03185,,,,,,,,,52.5505833,-0.34775,0.738247340906026,0.00373411792585854,0.0036238963196713,-18.7279864908732,0.445632226991222,0.400650854216615,0.0165371646006571,0.016544048195076,0.0052673085992101,0.00500254270754996,-7.47915350477932,2.93167363251198,3.3820257653357,11.189445052263,3.06940934809191,3.26656489115103,0.686011141568099,0.043279317917445100,0.0378654442101958,0.0249797649438038,0.007184994883575110,0.00796451543186025,25.5256247319644,9.00821298766268,11.008731401147800,-0.0149916162562175,0.0180709040907181,0.0141654538144791,0.0429328776171406,0.00843659772771144,0.008994816007341190,2.16486611364997,0.0165371646006571,0.016544048195076,1.07712259688562,0.0052673085992101,0.00500254270754996,52.5505833,-0.34775
12,12,14,14,SDSSJ0728+3835,1,0,1,1,1.28215285481815,0.00600794005467776,2.23490126077537,0.055011848524992,0.206,0.688,214.0,11.0,-1.0,,1.78,0.0623,,,,,,,,,112.020625,38.5904722,0.753573476246784,0.0019140308021498,0.00211380589892807,22.587619901766900,0.256571987328304,0.274450752394831,0.050253092862555500,0.0481927099285655,0.0035150542902711,0.00450281142252918,24.095004391419400,1.26116970360182,1.20122580630185,1.53826990063353,1.17276322329526,1.18965136740826,0.587524163701467,0.0267640423120457,0.0269881962904436,0.0610767453747432,0.0068154204303568400,0.006935333210458120,16.0697164597325,3.03825345300139,3.0414538879702100,0.00850624640713734,0.00533030202926705,0.00459928399711663,0.0149574914479226,0.00455120155003352,0.0046973705249646,2.2327728724355,0.050253092862555500,0.0481927099285655,1.2831247384393,0.0035150542902711,0.00450281142252917,112.020625,38.5904722
4,4,4,4,SDSSJ0737+3216,1,0,0,1,0.976092997771472,0.00785124679803334,2.37668868011409,0.267790340632273,0.322,0.581,338.0,16.0,-1.0,,1.8,0.063,,,,,,,,,114.36854170000000,32.2718333,0.857796370927229,0.0065642293145062900,0.00555349712984798,-11.418444538257200,1.1965596469976,1.3935207427467,0.0583228003447651,0.584861602691162,0.0152052260517354,0.00354356809782386,-4.58633257018921,2.2822678416150700,3.6204858474340900,6.74800572324053,2.59532829209292,3.16290791182988,0.677299297214765,0.0360008885180898,0.0427607990628236,0.117142232011707,0.00923800237095335,0.106121061814548,78.0537727306116,1.19464310447131,30.955693254446200,-0.0068564241033346700,0.00571148158693918,0.00945450961401747,-0.0021956792629935,0.0055558080103438,0.003797574023052050,2.5085431318752900,0.0583228003447651,0.584861602691162,0.97310579194114,0.0152052260517354,0.00354356809782386,114.3685417,32.2718333
30,29,23,23,SDSSJ0819+4534,0,0,0,0,0.8474,0.02,,,0.194,0.446,225.0,15.0,-1.0,,1.98,0.0693,,,,,,,,,,,,,,,,,,,,,,,,,,,,,,,,,,,,,,,,,,,,,,,,124.8830417,45.5791111
16,16,24,24,SDSSJ0903+4116,1,0,0,0,1.27394471842891,0.0281001150730528,2.07548616028803,0.0577928556902698,0.43,1.065,223.0,27.0,-1.0,,1.78,0.0623,,,,,,,,,135.81329170000000,41.269194400000000,0.8549580043681,0.00613237273928247,0.00782979197008416,-86.7817242927471,13.5173453122908,1.18280148339717,0.0588938446360965,0.0729478572535722,0.014227320638847,0.006596246824398080,65.0836020298717,3.16342662299508,117.38066735657400,151.95465269953700,3.17220452507857,142.755948633429,0.717992695771024,0.12378219327978,0.0246450555611654,0.0894241417095936,0.0086413528516526,0.0882419390845649,50.084155077232300,3.1159843231931,50.7072112529321,0.0555659196572915,0.00983081902293147,0.0450506681331104,-0.0174029921245892,0.0137619360519826,0.00883333285637551,2.08010771035562,0.0588938446360965,0.0729478572535722,1.27121174893415,0.014227320638847,0.006596246824398080,135.8132917,41.2691944
23,22,9,9,SDSSJ0912+0029,0,1,1,1,1.627,0.02,,,0.164,0.324,326.0,12.0,-1.0,,4.01,0.14035,,3.0,3,0.8,0.67,1.0,J0912_kinmap.fits,,,,,,,,,,,,,,,,,,,,,,,,,,,,,,,,,,,,,,,,,138.022125,0.4836667
31,30,25,25,SDSSJ0935-0003,0,1,0,1,0.8672,0.02,,,0.347,0.467,396.0,35.0,-1.0,,2.15,0.07525,,3.0,3.0,0.8,0.67,1.0,J0935_kinmap.fits,,,,,,,,,,,,,,,,,,,,,,,,,,,,,,,,,,,,,,,,,143.9330417,-0.0596667
32,31,26,26,SDSSJ0936+0913,0,0,0,1,1.0887,0.02,,,0.19,0.588,243.0,11.0,-1.0,,2.11,0.07385,,,,,,,,,,,,,,,,,,,,,,,,,,,,,,,,,,,,,,,,,,,,,,,,144.0032083,9.2266111
8,8,8,8,SDSSJ0959+0410,1,1,1,1,0.968905467478956,0.03838261270393130,1.97090206054692,0.0326215247074913,0.126,0.535,197.0,13.0,-1.0,,1.29,0.04515,,3.0,3.0,0.8,0.67,-1.0,J0959_kinmap.fits,rotation,149.933625,4.171388900000000,0.66832773106329,0.0327443120792847,0.0423186591412543,31.2612166307057,4.47569238221015,4.213803779870340,0.0264797983255101,0.0477528260632834,0.0420666130926342,0.0171671317331037,12.7985255182663,26.0599135940346,2.1132479643428500,-18.6203504764932,24.6646696988936,2.14827192548274,0.71257275752345,0.0903429803523472,0.0162809604513398,0.0580789453465914,0.00964037259859302,0.0574317059983231,-10.502840540047200,11.149160663094200,2.77398782185569,-0.041147888645187,0.0590924357703435,0.0055309208875284800,0.0307369328032603,0.0111131076634511,0.0583686431746793,1.97991558041768,0.0264797983255101,0.0477528260632834,0.962199496103445,0.0420666130926342,0.0171671317331037,149.933625,4.1713889
33,32,27,27,SDSSJ0959+4416,0,0,1,1,0.9606,0.02,,,0.237,0.531,244.0,19.0,-1.0,,1.98,0.0693,,,,,,,,,,,,,,,,,,,,,,,,,,,,,,,,,,,,,,,,,,,,,,,,149.754,44.2776111
34,33,28,28,SDSSJ1016+3859,0,0,1,1,1.0904,0.02,,,0.168,0.439,247.0,13.0,-1.0,,1.46,0.0511,,,,,,,,,,,,,,,,,,,,,,,,,,,,,,,,,,,,,,,,,,,,,,,,154.09525,38.98425
35,34,29,29,SDSSJ1020+1122,0,0,1,1,1.2003,0.02,,,0.282,0.553,282.0,18.0,-1.0,,1.59,0.05565,,,,,,,,,,,,,,,,,,,,,,,,,,,,,,,,,,,,,,,,,,,,,,,,155.1105833,11.3780833
46,46,46,46,SDSSJ1023+4230,0,0,1,1,1.4142,0.02,,,0.191,0.696,242.0,15.0,-1.0,,1.77,0.06195,,,,,,,,,,,,,,,,,,,,,,,,,,,,,,,,,,,,,,,,,,,,,,,,155.8844167,42.5005
36,35,30,30,SDSSJ1100+5329,0,0,1,0,1.5176,0.02,,,0.317,0.858,187.0,23.0,-1.0,,2.2,0.077,,,,,,,,,,,,,,,,,,,,,,,,,,,,,,,,,,,,,,,,,,,,,,,,165.101625,53.4871944
17,17,31,31,SDSSJ1112+0826,1,0,1,1,1.42239286894044,0.0154781125158136,2.21065907586486,0.06058992651536900,0.273,0.629,320.0,20.0,-1.0,,1.32,0.0462,,,,,,,,,168.21083330000000,8.4362222,0.746013804763748,0.00138667627404232,0.0014401917922291,-46.5491252836913,0.15737593793579,0.168248919263945,0.0609870009780589,0.0530894775591762,0.0165822435392369,0.0116757119332869,-56.965173907091500,1.63294684865297,1.35396474531118,-10.4224299859076,1.64694637090806,1.38598606219393,0.558480428419429,0.0553296906799898,0.032464413093017,0.0657353202079306,0.0172444094453755,0.036938206657427,-63.356571211072000,173.41333866443,7.27970079003191,-0.0227736575130571,0.016732838603754,0.0149954222814002,0.0368601190079791,0.0204505708055436,0.0199495558825441,2.20816637184177,0.0609870009780589,0.05308947755917610,1.42086275802444,0.0165822435392369,0.0116757119332869,168.2108333,8.4362222
37,36,32,32,SDSSJ1134+6027,0,0,1,1,1.1024,0.02,,,0.153,0.474,239.0,11.0,-1.0,,2.02,0.0707,,,,,,,,,,,,,,,,,,,,,,,,,,,,,,,,,,,,,,,,,,,,,,,,173.5245417,60.45375
38,37,33,33,SDSSJ1142+1001,0,0,1,1,0.9841,0.02,,,0.222,0.504,221.0,22.0,-1.0,,1.24,0.0434,,,,,,,,,,,,,,,,,,,,,,,,,,,,,,,,,,,,,,,,,,,,,,,,175.7389583,10.0199444
24,23,10,10,SDSSJ1143-0144,0,0,0,1,1.684,0.02,,,0.106,0.402,269.0,5.0,-1.0,,2.66,0.0931,,,,,,,,,,,,,,,,,,,,,,,,,,,,,,,,,,,,,,,,,,,,,,,,175.8735,-1.7416667
25,24,16,16,SDSSJ1153+4612,0,0,1,1,1.047,0.02,,,0.18,0.875,226.0,15.0,-1.0,,1.16,0.0406,,,,,,,,,,,,,,,,,,,,,,,,,,,,,,,,,,,,,,,,,,,,,,,,178.2949583,46.2014722
14,14,17,17,SDSSJ1204+0358,1,1,1,1,1.28733052389852,0.00903718422379165,2.17611682454546,0.0758878512943344,0.164,0.631,267.0,17.0,-1.0,,1.09,0.03815,,2,2,0.8,0.67,1.0,J1204_kinmap.fits,,181.183625,3.9684444000000000,0.987471907435149,0.0028419119572751200,0.00262066495833002,-48.7153248250455,5.202769067236230,4.78097822071362,0.0533947317790302,0.0621452386382595,0.0047174078580787300,0.00382279435952926,-3.80705724324838,2.83064926721391,3.18011130269174,44.1539956368795,6.264908191864520,5.75450503614974,0.818509185307886,0.0253580947830103,0.0300636151978475,0.056174409163482,0.00515085008169406,0.00552800261361695,-41.2801944245834,5.401633431291880,3.92809070259466,-0.0207700157897562,0.0076856482403595900,0.0103255206687542,-0.0525562363970238,0.0067351764476905,0.0064585676251663,2.18706184896184,0.0533947317790302,0.0621452386382595,1.28548520896337,0.0047174078580787300,0.00382279435952926,181.183625,3.9684444
39,38,34,34,SDSSJ1213+6708,0,0,1,1,1.4164,0.02,,,0.123,0.64,292.0,11.0,-1.0,,1.5,0.0525,,,,,,,,,,,,,,,,,,,,,,,,,,,,,,,,,,,,,,,,,,,,,,,,183.4190833,67.1413889
40,39,35,35,SDSSJ1218+0830,0,0,1,1,1.4502,0.02,,,0.135,0.717,219.0,10.0,-1.0,,2.7,0.0945,,,,,,,,,,,,,,,,,,,,,,,,,,,,,,,,,,,,,,,,,,,,,,,,184.61125,8.5139722
51,,,,SDSSJ1250-0135,-1,1,0,1,-1,0.02,,,0.0871,0.3529,246,9,,,4.01,0.2,no Einstein radius reported in Auger et al. 2009,4,4,0.8,0.67,0.0,J1250B_kinmap.fits,should have IFU flag=1 but does not have an Einstein radius,,,,,,,,,,,,,,,,,,,,,,,,,,,,,,,,,,,,,,12h 50m 50s 520ms,−01:35:31.7,192.7105,-1.59213889
6,6,6,6,SDSSJ1250+0523,1,1,1,1,1.1191695221054400,0.029496490019088,1.92191647130672,0.0529884638722504,0.232,0.795,252.0,14.0,-1.0,,1.32,0.0462,,3.0,3.0,0.8,0.67,1.0,J1250A_kinmap.fits,,192.61775,5.3969722,0.892534239549173,0.00570971403712861,0.0156990495959083,-5.21385421194121,1.26873606175326,1.41427853798824,0.0794347494244441,0.0449997846136612,0.0046562310753424100,0.0032427623725972400,-59.5435211604729,23.1273384270148,4.38239309088198,-54.2256105807012,21.316494116296900,4.72266986464374,0.9072831753180470,0.0219828973745677,0.0271716796651569,0.0202671087314733,0.00688520560066539,0.0187195804922823,-73.47310338121460,74.2736835050778,6.399938935080020,-0.047464525999539100,0.00621578448160468,0.00412761699810682,0.0018055243428613400,0.005381551726334420,0.0057068877089446300,1.9125910834791600,0.0794347494244441,0.0449997846136612,1.11542873460964,0.0046562310753424100,0.0032427623725972400,192.61775,5.3969722
52,,,,SDSSJ1251-0209,0,1,1,0,0.84,0.02,,,0.2243,0.7843,233,23,,,5.34,0.2,,3.0,3,0.8,0.67,0.0,J1251_kinmap.fits,fast rotation,,,,,,,,,,,,,,,,,,,,,,,,,,,,,,,,,,,,,,12h 51m 35s 710ms,−02:08:05.2,192.89879167,-2.13477778
18,18,36,36,SDSSJ1306+0600,1,0,1,0,1.29818695088993,0.0127069271201454,2.18220853357912,0.05481943566025430,0.173,0.472,237.0,17.0,-1.0,,1.25,0.04375,,,,,,,,,196.556875,6.006138900000000,0.90897001852446,0.0025600398524781,0.00285882137840165,-50.1890329727233,0.817146939592902,0.900015665776408,0.058053155476852,0.05152444230230250,0.0114140666609888,0.013378858845662,-39.245131092567700,3.06086673317906,2.5219503670322600,10.9592809809095,3.07443279265267,2.72572681096759,0.657646632846439,0.102929126898626,0.0703034654386776,0.00586390037757525,0.008404943460615440,0.003919614519835320,11.4497972698508,57.6924749738649,105.089666365849,-0.0830942280730375,0.0322154121697393,0.0258752331891734,-0.10941031345204,0.0716203347509742,0.0335235967201261,2.18140959334558,0.058053155476852,0.05152444230230250,1.29897412920749,0.0114140666609888,0.013378858845662,196.556875,6.0061389
22,40,37,37,SDSSJ1313+4615,1,0,1,0,1.30012015563451,0.0321983388864632,2.06487883905582,0.05016418057453,0.185,0.514,263.0,18.0,-1.0,,1.59,0.05565,,,,,,,,,198.2622083,46.2537778,0.806043760505044,0.0036423943978812800,0.0482704432833077,30.2056264941062,2.19934288008074,0.646058304870167,,,,,-13.296916582939600,35.476628576641100,2.7993986545347600,-43.7402034523576,36.0396835678304,2.7968520606619600,0.641191485112898,0.186659025152452,0.0267024160484727,0.097564525910722,0.0112615888273927,0.0966198916377175,-20.3397215441892,20.007229195065,2.5513866711894,-0.0331778301051886,0.0547461532940079,0.0130514715642308,0.0675382502173744,0.013759448351825,0.0697060321765657,2.07856847510768,0.0363651749091369,0.078225641304241,1.30219192443817,0.0106172247896887,0.0138717609765737,198.2622083,46.2537778
41,41,38,38,SDSSJ1319+1504,0,0,0,0,-1,0.02,,,0.154,0.606,235.0,14.0,-1.0,,0.77,0.02695,no Einstein radius reported in Auger et al. 2009,,,,,,,,,,,,,,,,,,,,,,,,,,,,,,,,,,,,,,,,,,,,,,,199.8854167,15.0738889
53,,,,SDSSJ1330-0148,0,1,1,0,0.87,0.02,,,0.0808,0.7115,185,9,,,1.36,0.2,,3.0,3,0.8,0.67,0.0,J1330_kinmap.fits,rotation,,,,,,,,,,,,,,,,,,,,,,,,,,,,,,,,,,,,,,13h 30m 45s 530ms,−01:48:41.6,202.68970833,-1.81155556
5,5,5,5,SDSSJ1402+6321,1,0,1,1,1.35454336136958,0.00337121321616277,2.23438975218076,0.0740928586892147,0.205,0.481,267.0,17.0,-1.0,,2.29,0.08015,,,,,,,,,210.6175417,63.3593056,0.758022162562984,0.00200592757762463,0.0019530204294926400,17.892558643939300,0.268361385188396,0.318024210124907,0.0635674590817712,0.0828710860412443,0.0029931021794704600,0.00293303487618779,23.5360498068368,1.50513211136014,1.59927116769831,5.62499328172616,1.47145519934189,1.52045142038946,0.698417627940164,0.0353107162136679,0.037787806321861,0.0104451455889021,0.0060951208232716100,0.00548924359700395,0.699986367907654,11.292557700699100,18.5862454527167,-0.00413484264456199,0.00547925537673129,0.0038898111632549,0.00040818735973988700,0.00171040196790996,0.00195099250869225,2.23939318459002,0.0635674590817712,0.0828710860412443,1.35441052346637,0.0029931021794704600,0.00293303487618779,210.6175417,63.3593056
47,47,47,47,SDSSJ1403+0006,0,0,1,1,0.8303,0.02,,,0.189,0.473,213.0,17.0,-1.0,,1.14,0.0399,,,,,,,,,,,,,,,,,,,,,,,,,,,,,,,,,,,,,,,,,,,,,,,,210.872875,0.1115
42,42,39,39,SDSSJ1432+6317,0,0,1,1,1.2580,0.02,,,0.123,0.664,199.0,8.0,-1.0,,3.04,0.1064,,,,,,,,,,,,,,,,,,,,,,,,,,,,,,,,,,,,,,,,,,,,,,,,218.0555833,63.2843889
54,,,,SDSSJ1443+0304,0,1,1,1,0.81,0.02,,,0.1338,0.4187,209,11,,,1.38,0.2,,2,2,0.8,0.67,0.0,J1443_kinmap.fits,rotation,,,,,,,,,,,,,,,,,,,,,,,,,,,,,,,,,,,,,,14h 43m 19s 620ms,+03:04:08.2,220.83175,3.06894444
55,,,,SDSSJ1451-0239,0,1,1,1,1.04,0.02,,,0.1254,0.5203,223,14,,,2.64,0.2,,3.0,3,0.8,0.67,1.0,J1451_kinmap.fits,,,,,,,,,,,,,,,,,,,,,,,,,,,,,,,,,,,,,,,14h 51m 28s 190ms,−02:39:36.4,222.86745833,-2.66011111
19,19,40,40,SDSSJ1531-0105,1,0,1,1,1.70361116935609,0.007987051218089860,1.91588931464519,0.111624589075138,0.16,0.744,279.0,12.0,-1.0,,1.97,0.06895,,,,,,,,,232.958625,-1.0960278,0.671950607533472,0.00100179445472615,0.0009136737620641930,-55.118085697921500,0.104675399138102,0.099257628161439,0.134281779210118,0.0956212360238284,0.00619467352452285,0.0107635202597582,-60.8399465716337,3.71832975933755,3.1820056870900800,-5.72382920497692,3.65272365053129,3.1717871859115700,0.682848511971569,0.0247661848143482,0.0286362561359178,0.045958594227118700,0.0115622686671887,0.0313498206308809,-69.2666852421565,169.005918807509,7.94731918605332,0.04600525450175670,0.0163575133109644,0.0236308584355008,-0.083244036107662,0.0133326752343539,0.0132958336805213,1.90143857063431,0.134281779210118,0.0956212360238284,1.70512853267805,0.00619467352452285,0.0107635202597582,232.958625,-1.0960278
48,48,48,48,SDSSJ1538+5817,0,0,0,1,0.9952,0.02,,,0.143,0.531,189.0,12.0,-1.0,,1.0,0.035,,,,,,,,,,,,,,,,,,,,,,,,,,,,,,,,,,,,,,,,,,,,,,,,234.5538333,58.2860556
43,43,41,41,SDSSJ1614+4522,0,0,1,0,0.8444,0.02,,,0.178,0.811,182.0,13.0,-1.0,,2.58,0.0903,,,,,,,,,,,,,,,,,,,,,,,,,,,,,,,,,,,,,,,,,,,,,,,,243.65725,45.3814722
20,20,42,42,SDSSJ1621+3931,1,0,1,1,1.26293956357045,0.00444354604009964,2.01578684208067,0.0597464186771104,0.245,0.602,236.0,20.0,-1.0,,1.51,0.05285,,,,,,,,,245.38745830000000,39.52905560000000,0.739277244319625,0.0018627820531322800,0.0017954339643491100,-53.185553808350900,0.296984431394996,0.271057658000053,0.059654374101537,0.0569626379200439,0.00424419762553852,0.00495365078899623,-49.9691812731235,2.08701275981532,2.64351983281259,3.16578930149332,2.1804029905816200,2.54479475904627,0.767993532333366,0.0239048745801205,0.0259013008265014,0.00672540054354916,0.00688544237202764,0.00449147084755743,40.555904975609,37.8352778106063,150.267344468273,-0.0514281456684904,0.00739787864813528,0.00921459296825604,0.0270434123359557,0.00471247800402415,0.004660602551029120,2.0141312028794,0.059654374101537,0.0569626379200439,1.26322901268054,0.00424419762553852,0.00495365078899623,245.3874583,39.5290556
0,0,0,0,SDSSJ1627-0053,1,1,1,1,1.22667301099294,0.00223981107315782,1.84612659408696,0.140922503025574,0.208,0.524,290.0,14.0,-1.0,,1.98,0.0693,,3.0,3.0,0.8,0.67,1.0,J1627_kinmap.fits,,246.9435417,-0.8993333,0.836322549835948,0.00351925706753331,0.00358537444200369,85.94615693094220,0.680309872792648,0.623414562613249,0.149145673359211,0.130686987336367,0.0021371049630281,0.00225877342300773,80.1928607946198,2.39616761316267,2.40239177515366,-5.82100013478123,2.46392404009153,2.445779714777,0.870649969095879,0.0114071761681596,0.0129805788445317,0.0262370087877466,0.0066479235691533,0.007475931528333690,-95.8456746882613,178.157958029661,5.210792348142390,0.00945290288640953,0.00497463526735084,0.00460455797233937,0.00239446840277279,0.00331909895563705,0.00369381787832646,1.83940631210602,0.149145673359211,0.130686987336367,1.22676105474504,0.0021371049630281,0.00225877342300773,246.9435417,-0.8993333
7,7,7,7,SDSSJ1630+4520,1,0,1,1,1.78618674214482,0.0291827553342554,1.99591488970689,0.029409988094165,0.248,0.793,276.0,16.0,-1.0,,1.65,0.05775,,,,,,,,,247.6173333,45.3434167,0.824583998809668,0.00346700768997876,0.0438362465070453,19.7004838368862,0.790433349655682,0.896209566532008,0.0226211604986237,0.0287560394739779,0.00463817872878347,0.00555310532411402,19.6180537561318,1.8304452426537,3.69075537971995,-0.0659418641432693,2.27180203679552,3.31889386481912,0.8265043084146850,0.0156413756151731,0.0107110814029578,0.0188847663703776,0.0037105838832434400,0.0176258970420666,26.4349928308319,5.02077863087608,26.122542337101500,0.0111272599027224,0.006492632175723230,0.00514943041859949,0.0036465047024149700,0.005610156068655030,0.005660153835953880,1.99676963339792,0.0226211604986237,0.0287560394739779,1.78757813308906,0.00463817872878347,0.00555310532411402,247.6173333,45.3434167
21,21,43,43,SDSSJ1636+4707,1,0,1,1,1.0992280346354900,0.00704600886341481,1.78424434766274,0.0688964476888152,0.228,0.675,231.0,15.0,-1.0,,1.68,0.0588,,,,,,,,,249.0109167,47.124888900000000,0.796953382378515,0.00169212143193409,0.0014135787902627200,-14.1888393430912,0.318608120762844,0.26079412593227500,0.0749379471122815,0.050786456452008,0.0057854660238188,0.00715537714557391,-3.84467786430646,2.49544679030166,2.57997968499155,10.3375503291099,2.51538939674312,2.5937432557265400,0.659350070418348,0.0346642380605862,0.0350195826160329,0.0548730881253394,0.0143940567984448,0.0174522139649129,-2.6434982974476600,6.02850979383955,6.90563738034495,-0.02734261676068,0.00888683102827212,0.00882223210259694,0.0159292123584723,0.00466669551186829,0.00533579791441433,1.77578571032628,0.0749379471122815,0.050786456452008,1.09986435195137,0.0057854660238188,0.00715537714557391,249.0109167,47.1248889
44,44,44,44,SDSSJ1644+2625,0,0,1,0,1.2671,0.02,,,0.137,0.61,229.0,12.0,-1.0,,1.55,0.05425,,,,,,,,,,,,,,,,,,,,,,,,,,,,,,,,,,,,,,,,,,,,,,,,251.1795417,26.4237222
1,1,1,1,SDSSJ2238-0754,1,1,1,1,1.27150422182054,0.003933452418061590,2.32348623950827,0.0741440757219658,0.137,0.713,198.0,11.0,-1.0,,1.82,0.0637,,3.0,3.0,0.8,0.67,0.0,J2238_kinmap.fits,rotation,339.6675,-7.915555600000000,0.784317248785903,0.0024201096190043,0.00220339378324763,-50.6770660039361,0.308635213568287,0.313521946451552,0.0658337900431572,0.091701073705488,0.00248560574786305,0.00264546051952297,-44.08741382770570,1.50582100845523,0.843552863105273,6.63038414013462,1.43646869437247,0.9451809403525200,0.6978386079218470,0.0347613225349894,0.0329328345520492,0.00279288510716142,0.0030935923291505,0.00198726833435697,-19.0096779682741,38.8948254292046,38.7695904479687,-0.00521763961606677,0.00473128773779325,0.00579856861861094,-8.66563997158669E-05,0.00399420342090523,0.0037608610794430500,2.33238363958997,0.0658337900431572,0.091701073705488,1.27208743457599,0.00248560574786305,0.00264546051952297,339.6675,-7.9155556
2,2,2,2,SDSSJ2300+0022,1,1,1,1,1.24347319459105,0.00797141095415045,1.83827264719094,0.130561037045934,0.228,0.463,279.0,17.0,-1.0,,1.52,0.0532,,3.0,3.0,0.8,0.67,1.0,J2300_kinmap.fits,,345.2214583,0.3772222,0.789754760889914,0.003473650317244,0.00345636208048894,3.97351952476092,0.490844139419458,0.539750875175595,0.128432969758623,0.144695968841879,0.00784511202690252,0.0062296322487263,4.55189685213059,2.40454513477777,2.38872392487567,0.605751099817834,2.39077849340643,2.4659836776646500,0.685626367576922,0.036506253393133700,0.036738661615866500,0.0248963747077093,0.0202550132648259,0.0178688237308959,17.0090114363474,25.1498547069495,11.766151996412200,-0.0454228879836095,0.00842972319790295,0.00897512357263885,-0.016996663656975,0.00854144418241373,0.00865779131453685,1.84756105153264,0.128432969758623,0.144695968841879,1.24300887799466,0.00784511202690252,0.0062296322487263,345.2214583,0.3772222
26,25,18,18,SDSSJ2302-0840,-1,0,1,1,-1,0.02,,,0.09,0.222,237.0,8.0,-1.0,,1.7,0.0595,no Einstein radius reported in Auger et al. 2009,,,,,,,,,,,,,,,,,,,,,,,,,,,,,,,,,,,,,,,,,,,,,,,345.5840833,-8.6804167
3,3,3,3,SDSSJ2303+1422,1,1,1,1,1.6128200477789,0.00662089721225438,2.00053559438985,0.04380589023690610,0.155,0.517,255.0,16.0,-1.0,,2.94,0.1029,,3.0,3.5,0.8,0.67,1.0,J2303_kinmap.fits,,345.8405,14.371638900000000,0.658966468959966,0.00169281520010744,0.00177378103283643,52.507214606789600,0.178570978517712,0.168064566533396,0.0454453601611307,0.039931269655877300,0.0100474708414675,0.00494010051995519,53.59640588901,1.54225688932484,0.738750278567714,1.10458442336348,1.52179705572597,0.797416473351372,0.587267671740561,0.0290414924611672,0.032360937819463,0.0024898692425958100,0.00323335078413951,0.00170947537046487,1.07183231955784,17.947444761204700,17.2784568662495,0.0379836990257806,0.0107811886653894,0.0114713102936979,-0.0152397217493653,0.00829033712110655,0.0124534165236392,1.99866301234385,0.0454453601611307,0.039931269655877300,1.61143863904048,0.0100474708414675,0.00494010051995519,345.8405,14.3716389
27,26,19,19,SDSSJ2321-0939,0,1,1,1,1.599,0.02,,,0.082,0.532,249.0,8.0,-1.0,,4.11,0.14385,,4,4,0.8,0.67,1.0,J2321_kinmap.fits,,,,,,,,,,,,,,,,,,,,,,,,,,,,,,,,,,,,,,,,,350.3372083,-9.6528611
49,49,49,49,SDSSJ2341+0000,0,0,1,1,1.4443,0.02,,,0.186,0.807,207.0,13.0,-1.0,,2.36,0.0826,,,,,,,,,,,,,,,,,,,,,,,,,,,,,,,,,,,,,,,,,,,,,,,,355.2982083,0.0051944
13,13,15,15,SDSSJ2343-0030,1,0,0,0,1.52811604314835,0.00467469682832629,1.80735363682104,0.172951482868846,0.181,0.463,269.0,11.0,-1.0,,3.24,0.08,half-light radius not from SDSS V-band - from HST F606W,,,,,,,,355.9952917,-0.5062222,0.661619098868545,0.0034527546143351400,0.00539178974101617,51.100897512188200,0.214907376110595,0.217837979312385,0.129068877538585,0.0659845256092912,0.00384351850703002,0.00524454164051713,54.3656991947989,1.49546487046008,0.932518656231132,3.28042044612566,1.56811011900429,0.973551649292911,0.647423925512849,0.0163772685941836,0.0257008150913211,0.0884637256606599,0.004938819040687920,0.00749560120520902,33.8699794076453,3.01714250143641,7.936259579729770,-0.05240556639108810,0.0104917203039889,0.00754524883840742,-0.0383559191978082,0.00874309476769106,0.00449145690485769,1.75069111953101,0.129068877538585,0.0659845256092912,1.52868659670622,0.00384351850703002,0.00524454164051713,355.9952917,-0.5062222
45,45,45,45,SDSSJ2347-0005,0,0,1,0,1.1072,0.02,,,0.417,0.714,404.0,59.0,-1.0,,1.14,0.0399,,,,,,,,,,,,,,,,,,,,,,,,,,,,,,,,,,,,,,,,,,,,,,,,356.867,-0.08925